Platform,Category,Post_Date,Views,Likes,Shares,Comments,Ad_Spend,Revenue
TikTok,Influencers,2024-03-22,1567,639,403,423,538.9496271526546,17682.1666691536
LinkedIn,Campaigns,2024-10-31,292,1106,296,1357,0.0,18121.934565237247
LinkedIn,Influencers,2024-09-25,5302,1905,210,1022,220.8726557930276,15092.030488949491
Facebook,Organic,2024-01-31,3224,2085,95,1134,0.0,18023.23917721408
Instagram,Campaigns,2024-09-20,1858,2496,414,1086,2918.4793748614716,9701.529647244797
YouTube,Influencers,2024-06-18,2109,1181,701,467,2917.7007784995126,11106.57833546927
YouTube,Ads,2024-11-28,2305,2579,889,1913,968.9042344224397,10189.617081629449
Twitter,Ads,2024-11-28,6924,320,735,924,0.0,2224.2291249163836
Instagram,Ads,2024-11-29,1301,3483,547,1935,0.0,973.8242425896939
Twitter,Influencers,2024-11-24,4970,198,526,972,0.0,2092.094148875903
LinkedIn,Campaigns,2024-05-24,2211,3346,381,1569,2770.9873897855573,7269.433225639524
LinkedIn,Campaigns,2024-02-18,9554,2774,496,12,0.0,8992.590191610965
YouTube,Influencers,2024-08-02,8133,1463,378,104,1074.94278856917,5395.833372646586
YouTube,Organic,2024-10-02,9150,4786,539,11,0.0,11014.153864779362
LinkedIn,Ads,2024-09-10,3837,306,141,849,763.4970508995876,12454.15270934942
TikTok,Organic,2024-06-10,1306,3163,988,554,0.0,611.5797573058217
LinkedIn,Influencers,2024-04-20,7570,4841,851,720,0.0,12343.171985602088
TikTok,Influencers,2024-01-18,5623,2529,817,810,0.0,4032.0107504705106
TikTok,Ads,2024-10-31,491,3074,231,780,0.0,17864.814326985426
YouTube,Influencers,2024-05-28,4828,451,804,1070,0.0,17312.439614387822
YouTube,Influencers,2024-02-28,8383,1853,696,1487,0.0,8182.12119524374
YouTube,Organic,2024-01-15,4213,4376,11,1700,0.0,15899.736510073524
Twitter,Influencers,2024-03-13,3798,1382,557,806,2911.535071583281,13406.7140771176
Twitter,Influencers,2024-02-23,9535,2607,967,1468,0.0,3993.8725919481903
LinkedIn,Campaigns,2024-01-03,1384,3950,13,1929,0.0,19590.33002756185
Twitter,Influencers,2024-01-07,1878,2231,881,1912,0.0,12837.580482960446
TikTok,Campaigns,2024-07-20,9391,4121,846,1075,0.0,14814.499296120655
LinkedIn,Campaigns,2024-09-02,8076,3239,983,744,0.0,18442.113938725925
TikTok,Campaigns,2024-06-18,1108,4488,164,120,946.9114801178187,18160.85283795259
TikTok,Ads,2024-08-18,772,1874,511,1847,0.0,1462.9395546890137
Instagram,Influencers,2024-01-01,7766,4043,115,1189,3765.641307430642,18507.1519326312
Facebook,Campaigns,2024-10-02,5830,3759,465,1418,3901.1241576476514,15670.40264131994
YouTube,Influencers,2024-05-24,9403,3501,512,427,2587.0142903222954,14308.8179615031
TikTok,Influencers,2024-10-16,8009,4035,924,1858,0.0,3967.0773856878177
LinkedIn,Campaigns,2024-08-20,2584,381,420,724,2843.5413092626304,5222.5910150848695
TikTok,Organic,2024-09-08,7233,4954,328,642,0.0,19456.981199461636
TikTok,Ads,2024-07-11,808,231,968,1566,2747.814301968385,19726.651035502353
YouTube,Campaigns,2024-08-22,2245,1711,20,1713,0.0,9794.15694555297
YouTube,Influencers,2024-07-23,7225,1461,259,806,0.0,18309.089931171722
TikTok,Campaigns,2024-03-26,5008,4967,427,1303,0.0,10003.976874145817
YouTube,Campaigns,2024-10-29,1092,4055,677,1933,0.0,16015.317111646074
YouTube,Ads,2024-03-14,8455,3348,378,343,1898.5733145436718,7960.434657363012
Twitter,Campaigns,2024-09-23,6564,2392,741,712,3428.944087294776,5591.2263920004925
YouTube,Influencers,2024-07-31,282,229,428,36,2355.518969580627,14993.57268290603
TikTok,Ads,2024-03-08,9771,617,994,867,4009.543010748113,4966.753027132077
TikTok,Influencers,2024-08-20,5456,4955,88,310,4838.951891323286,10147.737309743085
Instagram,Influencers,2024-06-29,7042,1303,726,1038,0.0,17823.178069572186
Facebook,Organic,2024-05-25,3663,357,5,474,0.0,8509.367146406428
LinkedIn,Campaigns,2024-04-15,6661,4864,427,1164,0.0,15495.725740838105
Instagram,Ads,2024-09-04,5134,4652,868,91,0.0,8798.995624098528
Instagram,Ads,2024-06-28,869,728,379,515,1770.2159327946524,9425.464102549804
Instagram,Influencers,2024-08-10,1573,3762,914,1834,4391.796718802337,18528.483475737492
TikTok,Influencers,2024-11-28,7963,1254,852,470,0.0,4041.0031097934097
Facebook,Ads,2024-11-16,7594,2513,60,1378,2886.771527022573,14954.71192910808
LinkedIn,Campaigns,2024-08-12,4311,348,500,1924,1094.8586871375812,11600.171606029897
Twitter,Campaigns,2024-05-04,4722,4110,861,427,0.0,14801.503248282652
Facebook,Ads,2024-02-07,443,2222,121,150,0.0,824.0585814752606
Instagram,Organic,2024-05-02,8021,210,119,1653,0.0,1149.693214341599
YouTube,Influencers,2024-11-27,2643,2440,727,1561,0.0,6211.490962877903
LinkedIn,Ads,2024-07-18,8336,1376,142,886,3798.323738112766,18907.02189805118
Twitter,Campaigns,2024-06-01,6464,3073,826,781,0.0,10492.93264330074
LinkedIn,Campaigns,2024-07-23,7767,2585,73,233,0.0,6961.816364725303
Instagram,Organic,2024-03-06,1802,3925,449,1086,3383.109480453084,18487.18733334562
LinkedIn,Campaigns,2024-04-27,3636,2588,872,834,0.0,15831.396353165432
Instagram,Organic,2024-01-14,8442,4236,372,1743,801.8031779486861,18029.864784136018
LinkedIn,Organic,2024-01-13,7425,4333,749,1541,0.0,10986.586852562661
Facebook,Influencers,2024-02-03,5569,3875,813,1938,304.68476083052934,11841.972191984878
Facebook,Campaigns,2024-09-21,7373,899,34,1884,215.53265124272,13340.644447010282
YouTube,Ads,2024-02-07,9151,2476,336,1586,0.0,14314.130475929129
Facebook,Influencers,2024-09-17,4780,4783,598,214,0.0,5272.369738355627
LinkedIn,Influencers,2024-05-19,3968,4816,193,1973,4485.765783856906,3049.6972392740936
TikTok,Campaigns,2024-05-14,2742,2601,228,643,0.0,19510.05592911935
LinkedIn,Ads,2024-07-16,8557,372,11,985,3236.659768891839,19309.074461238764
Instagram,Organic,2024-11-18,8825,4983,222,49,1386.8578076623037,3309.9372870185775
Twitter,Campaigns,2024-10-22,3374,3248,880,883,2558.718541819195,14594.966318341087
Facebook,Ads,2024-06-19,4218,3851,911,1010,0.0,11708.111587098874
Facebook,Ads,2024-11-21,2402,1543,234,1719,1573.8250074533146,9557.280696924485
Instagram,Influencers,2024-03-17,6481,2912,649,1439,0.0,19205.754063124048
LinkedIn,Ads,2024-01-09,2011,4418,384,736,0.0,11732.471687303683
YouTube,Ads,2024-07-03,9003,3801,220,1756,0.0,19764.992721054634
Twitter,Ads,2024-08-15,3227,1728,262,1803,0.0,4367.426780536127
Instagram,Influencers,2024-02-12,1205,4340,133,1039,4056.848717365671,19818.959831200784
Facebook,Ads,2024-02-04,1163,1979,175,537,0.0,13875.565685676627
Instagram,Campaigns,2024-11-24,4462,107,423,1413,4333.039592685662,9191.694727696287
Instagram,Influencers,2024-06-01,7702,4802,128,839,3000.51058247369,19706.033432352957
TikTok,Campaigns,2024-10-08,2586,1684,194,1042,0.0,9670.504426662359
Facebook,Influencers,2024-04-07,5947,2528,567,1898,2899.858097747723,2965.449882597708
Twitter,Campaigns,2024-01-20,7289,2666,31,592,0.0,16354.711446513613
Facebook,Ads,2024-03-10,5377,3147,156,1721,2192.8029357687824,4247.36121583728
Facebook,Campaigns,2024-03-31,6384,4141,463,1626,49.946912832562994,18721.356608227845
Instagram,Ads,2024-08-31,3128,4352,343,223,0.0,12541.435260156448
Facebook,Organic,2024-12-01,7665,4703,622,256,3852.764108509558,15331.95570613704
Facebook,Campaigns,2024-07-05,7538,3827,910,1702,597.1832458151382,15690.681252289578
Facebook,Campaigns,2024-07-22,6871,4243,232,522,1745.2424349677262,335.1678671726605
TikTok,Campaigns,2024-01-31,2360,1856,776,787,4451.251205306432,14262.851572193762
YouTube,Organic,2024-07-07,1996,1303,161,1983,0.0,11601.68660591226
Facebook,Campaigns,2024-11-11,5934,2053,702,654,0.0,2744.1181418595643
Facebook,Influencers,2024-02-23,409,450,774,1007,984.2305503384159,8116.513179121492
YouTube,Ads,2024-08-20,6132,2529,436,499,0.0,1762.8388166229365
LinkedIn,Organic,2024-07-03,1983,669,425,736,4515.280090994869,2440.016098984812
Instagram,Ads,2024-02-05,9053,4961,228,1540,0.0,4382.271511010243
Twitter,Organic,2024-07-20,8441,140,79,1930,2408.4659287816135,614.3076143753168
YouTube,Organic,2024-02-05,5223,1265,429,401,0.0,4965.094713128465
TikTok,Organic,2024-01-22,4568,4208,206,1650,652.5936464858825,8352.748199411222
Facebook,Influencers,2024-07-10,7350,1028,679,1283,2633.6376321475022,13109.69332564351
TikTok,Influencers,2024-11-05,7923,3834,86,926,190.05979034493728,18247.782398553092
Twitter,Campaigns,2024-11-17,9661,1138,430,1461,0.0,754.4167959218364
TikTok,Ads,2024-11-28,328,2635,645,273,4748.795498414546,8854.149485798114
Twitter,Influencers,2024-03-05,7393,4596,303,1230,0.0,6061.379057290076
Facebook,Ads,2024-06-26,3733,4481,471,89,0.0,14212.203354317244
TikTok,Organic,2024-03-21,260,2984,22,63,0.0,6357.372049100061
Twitter,Influencers,2024-09-21,6334,1131,220,1722,360.9123716435704,10221.173985236957
TikTok,Organic,2024-08-13,8406,2361,132,1233,2237.069419814243,8986.056739796255
Facebook,Organic,2024-06-05,1404,2129,592,559,691.1420252118289,1902.9999157365592
LinkedIn,Organic,2024-11-24,8731,1080,757,1830,0.0,3467.1262342048585
Facebook,Ads,2024-01-28,3901,3062,312,1835,0.0,11044.80885216079
Instagram,Influencers,2024-04-13,146,3284,495,1161,2619.107670735253,13054.712635194073
YouTube,Ads,2024-03-22,2177,3350,100,1404,4730.720729671877,15845.196151861057
LinkedIn,Organic,2024-08-13,9635,4443,488,1005,0.0,19420.2320355314
TikTok,Organic,2024-05-27,1003,3915,639,883,0.0,10921.408585851002
LinkedIn,Campaigns,2024-08-29,8979,3460,686,476,4687.410055472903,2526.3494135702776
YouTube,Organic,2024-07-12,8515,3842,874,1365,4037.0709562280135,10932.543865893633
Facebook,Influencers,2024-11-28,7402,1443,628,845,0.0,18772.530973611196
Instagram,Ads,2024-06-17,8498,2739,942,1579,752.7978847120371,17073.916373613516
TikTok,Organic,2024-09-21,4585,3399,503,1952,0.0,2611.050826250484
LinkedIn,Organic,2024-06-23,4062,638,961,1704,938.7351113694951,19925.870283911372
Instagram,Ads,2024-02-05,2115,1629,514,489,0.0,3956.356563988873
LinkedIn,Organic,2024-04-07,5859,4876,116,1681,4859.120739417298,14917.921254323513
YouTube,Ads,2024-11-13,293,4539,7,180,1862.2118619275911,7850.107777965059
LinkedIn,Campaigns,2024-09-29,9025,168,985,1287,3600.4217504495864,13274.672011142351
LinkedIn,Influencers,2024-06-14,1176,1354,779,1592,0.0,14694.72154984232
Instagram,Influencers,2024-06-16,778,1900,967,847,0.0,18395.71318503777
Twitter,Organic,2024-02-04,5153,713,804,1836,3404.703485582714,11140.222110743165
Twitter,Organic,2024-04-18,8051,2430,780,1737,594.0893479830476,7633.059641464932
TikTok,Organic,2024-03-08,2708,3066,104,1415,0.0,4213.5033555635
Twitter,Ads,2024-06-02,3780,3310,491,1101,3870.645759973246,12113.21407383322
Twitter,Organic,2024-10-27,4070,1701,206,405,703.3400693814974,11133.473854837946
TikTok,Ads,2024-04-01,6036,2571,631,869,0.0,14015.626081674256
Facebook,Organic,2024-10-12,4708,1779,135,1358,0.0,15142.75248900787
YouTube,Ads,2024-07-05,4345,3021,777,1083,0.0,7345.856228249532
Facebook,Influencers,2024-05-12,8685,1326,182,930,0.0,1712.760159241942
TikTok,Organic,2024-11-11,8638,2556,121,975,0.0,5983.0774498607225
YouTube,Ads,2024-05-24,2014,4108,913,915,0.0,12947.418506621787
Twitter,Campaigns,2024-09-04,5539,4833,786,122,0.0,11589.074333252094
YouTube,Campaigns,2024-08-12,5565,1880,721,1815,0.0,11910.481288422478
Instagram,Organic,2024-04-01,1606,2248,788,694,0.0,16818.841511803355
Instagram,Organic,2024-08-13,8650,4383,767,1647,16.834095677776517,4564.973756972215
TikTok,Organic,2024-03-20,6082,3973,180,1021,25.244446821664283,16594.375704167636
YouTube,Organic,2024-11-19,5390,968,536,890,741.8504475256403,14783.260221715782
Facebook,Influencers,2024-08-30,5768,3846,213,1294,2398.533986808964,19405.630275549654
LinkedIn,Influencers,2024-08-23,4688,1878,618,717,2228.6407393386307,12884.543039386837
Instagram,Campaigns,2024-11-14,9143,1085,598,494,0.0,19338.017425194932
TikTok,Influencers,2024-09-16,5936,2149,544,1593,0.0,10643.088266131987
LinkedIn,Ads,2024-04-10,7640,2749,514,1659,4688.326810223422,7250.010166341131
Facebook,Influencers,2024-03-17,6701,1014,11,882,0.0,9254.361056115802
LinkedIn,Ads,2024-05-15,7582,1976,17,1237,0.0,931.2181763318844
TikTok,Campaigns,2024-08-23,3577,1559,38,408,1918.6822391806916,7672.759561628746
LinkedIn,Influencers,2024-04-21,1792,1640,640,205,0.0,17277.926862586475
YouTube,Organic,2024-08-28,7042,704,40,424,2711.6575323284837,9609.291120726284
Instagram,Influencers,2024-05-11,2983,2984,355,767,3562.0036998770343,17553.470293722683
Facebook,Campaigns,2024-02-10,8457,4633,554,431,0.0,6547.106034082559
Instagram,Influencers,2024-06-15,7809,4229,752,1076,600.877339843327,16429.262391699347
LinkedIn,Ads,2024-11-13,3440,4847,63,1810,1442.42757063489,19106.542460031385
YouTube,Campaigns,2024-09-09,2135,4931,426,1954,132.58900523973136,13480.049928788041
LinkedIn,Organic,2024-02-06,849,4170,412,966,0.0,233.24040167984398
Facebook,Organic,2024-11-16,2728,837,404,567,0.0,8603.384480982735
TikTok,Campaigns,2024-08-26,1708,3670,856,1626,1242.7637333681432,4300.607378622345
LinkedIn,Campaigns,2024-01-05,406,4125,700,1778,0.0,14763.907452555195
Facebook,Influencers,2024-08-18,8836,1288,405,1916,4934.413236779203,9380.635895642494
LinkedIn,Organic,2024-05-19,7802,1340,899,1270,0.0,17170.210220751556
Twitter,Ads,2024-09-10,5192,3905,76,175,0.0,3199.3352114434156
TikTok,Influencers,2024-09-01,6852,2525,420,1428,0.0,10028.176828780659
YouTube,Ads,2024-07-11,6398,394,635,1079,736.609472575545,17752.862962715702
Instagram,Organic,2024-10-26,6025,158,583,1377,4642.833735680689,18790.52588507411
YouTube,Influencers,2024-10-30,5817,261,608,285,4387.638748756823,8135.488622639409
Twitter,Campaigns,2024-07-08,855,4225,862,744,0.0,14286.840161681312
YouTube,Campaigns,2024-07-12,1789,462,207,1911,0.0,17314.948300408887
Facebook,Ads,2024-04-03,788,1389,297,1335,0.0,5935.962841660063
Facebook,Ads,2024-11-16,4789,2664,224,1134,200.95492092792432,12315.8261062417
Twitter,Campaigns,2024-05-10,297,220,823,1557,2092.9347912565145,3974.6836678392287
YouTube,Organic,2024-08-08,3845,1538,268,1596,0.0,13881.255019501232
Instagram,Ads,2024-05-07,7651,4036,898,14,0.0,10646.464363608848
YouTube,Organic,2024-08-26,8923,1026,411,474,0.0,4153.04995402683
Facebook,Campaigns,2024-02-05,3775,2318,707,529,0.0,3278.0103099563985
Twitter,Influencers,2024-07-23,3798,3677,897,1471,0.0,10824.941726874154
TikTok,Influencers,2024-04-28,9924,1648,997,1840,319.89482203172156,2497.650975457857
LinkedIn,Campaigns,2024-01-20,9087,601,838,1636,183.18049781948872,5486.476819343134
Twitter,Campaigns,2024-04-08,7924,17,601,1273,0.0,6742.019165907724
YouTube,Influencers,2024-02-06,1054,3820,771,1009,2407.584339267048,13927.739872513288
TikTok,Influencers,2024-10-28,5395,3321,179,1360,0.0,17395.704355014168
Twitter,Campaigns,2024-07-27,5332,1887,377,1063,0.0,10709.669000862097
TikTok,Ads,2024-06-20,1738,3526,49,1695,1179.6078748637983,18817.747366994354
TikTok,Ads,2024-10-09,7176,2635,20,1540,136.3525556221617,7719.762505864785
Facebook,Ads,2024-09-07,2085,3315,497,1241,2399.0128288805795,14735.16810261584
Facebook,Ads,2024-06-22,7712,1957,863,11,3708.266664244518,6554.578030680362
Instagram,Ads,2024-09-06,519,2354,794,1908,3265.0439581524033,14529.492028419865
Facebook,Ads,2024-06-14,8880,2655,830,1699,0.0,18987.44202709342
Facebook,Organic,2024-10-21,9703,2006,894,470,0.0,16219.244106064358
LinkedIn,Organic,2024-01-26,1586,1934,632,769,0.0,19455.713034141023
YouTube,Influencers,2024-03-01,200,1827,790,1471,0.0,6949.726056247234
TikTok,Ads,2024-11-05,9759,3090,372,1205,2019.753154640857,10939.999606062933
YouTube,Organic,2024-08-05,3114,1056,326,345,0.0,17801.161696013045
YouTube,Campaigns,2024-09-20,7675,1324,24,696,2392.947616230886,2100.9476100914762
Twitter,Influencers,2024-10-27,1958,604,140,688,0.0,19492.118704545195
Twitter,Influencers,2024-01-10,1494,3700,350,823,0.0,11520.721654958055
Instagram,Influencers,2024-10-29,2008,504,394,21,1418.6756746116118,9539.07971231455
LinkedIn,Organic,2024-06-07,6615,2127,942,401,0.0,15234.70005230927
LinkedIn,Organic,2024-06-05,8352,4255,906,1482,2479.5939097009295,9766.674051559266
Facebook,Campaigns,2024-03-08,117,1711,733,1079,4387.381581655646,7713.209370095708
Twitter,Organic,2024-01-05,649,1169,215,1433,2782.9264268545758,6699.163524512026
YouTube,Organic,2024-11-22,3916,4269,458,186,4737.890170922125,7649.170672442179
YouTube,Organic,2024-02-15,4742,1531,946,205,4394.094842705121,17687.428665106676
LinkedIn,Ads,2024-02-12,4384,340,206,1120,3451.141970351272,18694.847572607778
LinkedIn,Organic,2024-05-01,4813,1147,79,619,168.31752087379923,18140.08493397301
Twitter,Ads,2024-02-10,8515,2225,729,1338,3821.2019706310584,13729.198812335968
Instagram,Organic,2024-01-21,5322,1665,955,249,4290.260535103118,7072.719315197155
Twitter,Influencers,2024-10-31,4485,4869,583,1395,2503.665198954268,8771.687297990688
LinkedIn,Influencers,2024-08-10,7993,3345,467,1997,4717.796233513041,16373.168280064161
Facebook,Campaigns,2024-06-21,7278,747,411,1540,1370.0716592374386,11490.927658181552
LinkedIn,Campaigns,2024-07-16,5929,3492,513,456,0.0,15991.840754907083
LinkedIn,Influencers,2024-05-19,250,2162,802,227,0.0,18272.41593932586
YouTube,Campaigns,2024-07-28,3892,4830,333,1084,0.0,16947.868468723882
TikTok,Ads,2024-08-19,1128,601,425,1028,0.0,18280.866085401256
LinkedIn,Organic,2024-07-27,145,455,588,629,3649.5495555479224,17997.446580566542
TikTok,Influencers,2024-02-19,7265,187,77,1176,0.0,3228.0414687527386
YouTube,Influencers,2024-05-24,6269,2578,349,1929,875.636415310562,16192.008579386396
Instagram,Campaigns,2024-03-23,3904,3197,530,613,4993.078677422839,15514.971900299568
Facebook,Organic,2024-08-29,190,2736,664,1910,0.0,12441.86635210058
LinkedIn,Influencers,2024-04-27,3900,2910,287,573,0.0,18374.495065201194
TikTok,Organic,2024-11-18,8738,800,832,1735,0.0,12370.24958960077
TikTok,Ads,2024-10-24,9052,1065,665,1422,0.0,16698.441229151827
TikTok,Ads,2024-02-25,7132,774,373,1928,0.0,14078.12997797249
Facebook,Organic,2024-10-03,7692,3212,815,734,0.0,7112.249502435754
Twitter,Campaigns,2024-10-31,277,2994,385,1103,0.0,9224.919950334746
YouTube,Ads,2024-05-03,206,2351,558,865,0.0,19187.208261091288
Facebook,Organic,2024-08-08,498,2393,593,1069,0.0,6208.236617891154
Instagram,Organic,2024-11-29,2638,803,759,1529,266.8331202214731,18927.17859024274
TikTok,Campaigns,2024-04-27,3673,3172,208,156,1803.9313828915838,11860.845920107242
Twitter,Organic,2024-10-27,9389,2383,934,569,0.0,15615.424973977415
LinkedIn,Influencers,2024-06-14,8396,1888,146,498,0.0,589.8453917768944
Facebook,Ads,2024-08-19,8176,3725,439,1047,4394.135730755417,18902.406431458257
YouTube,Influencers,2024-01-27,7558,3529,434,84,0.0,11716.049390351367
YouTube,Ads,2024-07-12,953,1894,747,248,1329.4039693434588,7609.218778950067
Instagram,Influencers,2024-09-19,9415,571,368,538,0.0,15754.732432608509
Twitter,Influencers,2024-12-01,2864,4680,942,1895,0.0,10039.263144812276
LinkedIn,Organic,2024-11-01,5761,1377,376,852,1473.1461532084759,18171.516891038304
TikTok,Organic,2024-08-04,5662,3610,384,371,1824.6384592863421,19431.190197203938
Twitter,Campaigns,2024-10-16,8414,4845,202,1597,2985.7669055816236,13705.920055792483
Twitter,Campaigns,2024-08-08,3262,1532,913,207,3518.8692995794945,6567.565844647958
YouTube,Ads,2024-10-11,7092,4527,494,1271,2177.2923177690145,15396.297474943472
YouTube,Organic,2024-09-17,8439,3314,557,1479,0.0,6334.377669352688
LinkedIn,Campaigns,2024-07-15,9605,357,434,1778,0.0,15023.248780535016
Instagram,Campaigns,2024-07-30,6274,23,121,526,0.0,6962.074509945537
Facebook,Influencers,2024-11-11,6843,1284,374,589,1884.599825568794,3386.8169026809423
Instagram,Organic,2024-01-26,6303,2713,620,901,0.0,5512.559417880841
YouTube,Influencers,2024-04-10,911,2957,970,1127,0.0,18722.060466346637
Twitter,Organic,2024-06-25,8641,1554,697,988,1929.5683420503124,5755.604935794751
LinkedIn,Influencers,2024-10-18,1713,3686,988,1328,0.0,17851.71596153438
TikTok,Campaigns,2024-09-30,7624,3411,187,1530,0.0,13086.124671542188
Instagram,Influencers,2024-11-16,1912,4279,271,275,0.0,14012.0289614215
Instagram,Ads,2024-06-24,3897,2590,363,580,3419.3995475620445,5193.2465496613995
TikTok,Ads,2024-12-01,8383,125,497,518,0.0,19893.40192258185
YouTube,Influencers,2024-09-04,9790,1968,551,262,0.0,4261.001014220692
TikTok,Campaigns,2024-06-21,3266,750,944,1549,2939.2791612839783,18247.764924142073
Twitter,Organic,2024-05-22,1512,4318,879,118,0.0,4432.93002672269
LinkedIn,Ads,2024-11-18,3957,4358,694,1405,2232.455756017969,14958.653858511589
LinkedIn,Ads,2024-12-01,8378,159,583,338,0.0,11871.482329070788
Facebook,Ads,2024-11-01,5246,2414,108,1518,0.0,3330.59163147687
Twitter,Organic,2024-07-07,9656,3474,300,1324,0.0,8195.184750918588
Twitter,Ads,2024-07-29,9231,4277,192,69,0.0,16426.46187015834
Instagram,Campaigns,2024-07-02,6994,4632,630,1451,0.0,19126.88409284819
TikTok,Ads,2024-01-29,4567,3389,232,1949,862.2124854661823,11014.276584866959
Instagram,Campaigns,2024-05-29,1260,4349,537,1960,761.0746426494879,13194.742452141229
TikTok,Influencers,2024-05-09,914,1498,297,918,0.0,13778.014324352635
Instagram,Organic,2024-02-27,3932,3383,607,1168,0.0,7479.638481065919
YouTube,Campaigns,2024-01-22,6752,3067,698,1854,1764.908299355149,2545.631895963868
Twitter,Organic,2024-09-16,4701,2835,456,94,778.6940363790483,17159.783448695096
Instagram,Organic,2024-02-08,6731,4301,594,775,0.0,4516.583496712375
Facebook,Ads,2024-02-05,9973,4527,764,259,0.0,19461.13982108129
Facebook,Ads,2024-05-05,817,1088,492,342,429.16975962393695,7637.4591131079205
Twitter,Campaigns,2024-10-12,5061,1599,202,19,0.0,13967.154263488865
YouTube,Influencers,2024-05-09,7140,2919,674,12,2629.886848635905,17050.321306544633
TikTok,Ads,2024-01-21,3880,510,779,921,2330.3776961293975,13660.097399750643
Instagram,Ads,2024-09-20,7086,4532,318,94,303.3706919869086,16144.816423843513
Twitter,Ads,2024-04-27,9780,3398,283,1979,0.0,4607.400331169613
LinkedIn,Organic,2024-07-22,4324,1573,519,564,738.663880864576,2908.714409075619
YouTube,Influencers,2024-06-28,1713,2184,802,1879,279.2115434648806,19405.064698804377
Twitter,Campaigns,2024-11-18,8910,3563,665,1739,0.0,9626.427557521056
Twitter,Ads,2024-10-14,1749,2899,830,1012,3358.484943464764,8114.900832198882
YouTube,Ads,2024-09-06,5726,3859,63,813,0.0,14408.84313497968
Facebook,Organic,2024-03-25,3809,4701,389,1688,0.0,16399.64899534801
Instagram,Influencers,2024-07-16,1742,4866,584,1567,4284.492832710448,10009.698050336834
YouTube,Ads,2024-01-11,5870,841,744,624,0.0,9831.975598870786
TikTok,Influencers,2024-04-02,7990,3163,82,1666,0.0,6846.7804996501745
Facebook,Ads,2024-07-26,2490,2539,623,199,0.0,13532.038790714645
Twitter,Ads,2024-02-09,6012,3255,878,1727,3551.15928303463,16243.72636957085
Instagram,Influencers,2024-08-26,5788,3564,865,1690,0.0,5139.756824157275
YouTube,Campaigns,2024-09-26,9666,4642,73,1131,441.54265508124564,9814.984422772655
YouTube,Ads,2024-05-31,7476,3143,557,103,0.0,19458.474120247276
LinkedIn,Influencers,2024-10-14,3920,3157,34,346,0.0,18497.752669571462
Facebook,Campaigns,2024-07-02,3507,1653,937,1494,0.0,6981.824166916773
Instagram,Ads,2024-02-14,9258,3250,453,1250,0.0,12099.236126472704
YouTube,Ads,2024-03-07,2467,1138,466,1077,4671.370605880907,8610.923288266504
Instagram,Ads,2024-01-25,5371,1591,601,420,1964.9921399259808,6832.623252233475
Twitter,Campaigns,2024-02-29,9481,607,543,1742,0.0,120.22711833998105
Instagram,Ads,2024-05-29,1602,4899,103,1507,846.8103257723031,11405.742993927706
YouTube,Ads,2024-06-19,2014,3226,664,577,2389.897620906665,13026.639735659868
TikTok,Influencers,2024-03-12,6801,2532,671,1259,0.0,15507.123241423056
LinkedIn,Campaigns,2024-07-09,9907,3991,37,1047,0.0,531.4461591470834
Twitter,Organic,2024-09-05,679,1459,499,257,0.0,6188.0079659377325
Instagram,Ads,2024-06-04,2812,3508,766,547,0.0,963.2949634396564
TikTok,Influencers,2024-08-02,2974,2161,332,447,4477.731058457878,17849.38926046457
Instagram,Ads,2024-05-13,3922,4424,982,1310,0.0,16819.639559502593
Twitter,Ads,2024-09-11,6375,2661,961,1548,0.0,11150.411411444458
TikTok,Ads,2024-11-16,540,1504,458,1954,0.0,6075.473819704217
Instagram,Organic,2024-10-16,4980,667,353,231,3618.274699022297,12518.571651708544
Instagram,Influencers,2024-09-18,7048,532,27,163,0.0,12804.721354704216
Instagram,Organic,2024-04-07,6772,3386,225,1384,0.0,16692.823621402084
Instagram,Campaigns,2024-01-31,5899,1325,88,1231,0.0,10700.496439536595
TikTok,Campaigns,2024-02-17,4805,1227,729,41,3622.591833718991,15993.452788390263
TikTok,Organic,2024-03-15,8725,3494,721,942,539.2415440394037,12938.272672325213
TikTok,Ads,2024-01-16,6668,2985,595,592,1083.6165299769661,5577.236755856734
LinkedIn,Ads,2024-05-16,2375,2975,412,1990,0.0,11715.739693057896
Facebook,Influencers,2024-10-22,7341,4038,164,1530,0.0,14286.867996067878
LinkedIn,Organic,2024-09-16,2427,1836,900,352,0.0,7399.839885036636
YouTube,Campaigns,2024-07-30,5781,1819,72,1185,0.0,15602.007697963903
Instagram,Campaigns,2024-09-22,6691,4416,499,1735,0.0,6282.954601783421
Instagram,Ads,2024-01-08,2578,885,230,1313,0.0,3709.6937459594756
LinkedIn,Campaigns,2024-01-25,794,2018,11,327,4890.815522741951,12885.74087172547
Instagram,Influencers,2024-09-26,9442,3404,531,1501,1128.6814409135973,8936.987705766514
Instagram,Influencers,2024-05-14,6833,2160,792,670,0.0,13587.619203809081
LinkedIn,Campaigns,2024-06-23,2803,860,567,1052,0.0,768.1625308127016
LinkedIn,Ads,2024-04-14,7079,4439,67,1021,3948.156673189261,5764.102947921493
LinkedIn,Influencers,2024-06-12,7238,2811,742,508,0.0,11720.259505899183
Twitter,Ads,2024-03-17,100,3827,707,1058,0.0,3124.6141726506908
TikTok,Ads,2024-06-16,3693,2784,107,517,0.0,13257.466610593498
Instagram,Influencers,2024-11-04,9469,4652,317,123,0.0,6778.038931002011
Facebook,Influencers,2024-05-06,838,2874,39,1454,758.5960200931274,11072.143808255922
Twitter,Ads,2024-01-23,8958,3270,170,1321,0.0,11408.283560369311
YouTube,Ads,2024-11-01,3607,1604,393,1074,3714.8550152719067,5306.332186087686
Twitter,Ads,2024-07-25,4015,4189,173,1382,1713.8290601560625,5150.960892848407
Instagram,Influencers,2024-03-04,8304,1284,695,124,2529.9721022659464,14745.69376721058
TikTok,Campaigns,2024-04-23,7494,1434,279,1526,0.0,17401.270625323566
YouTube,Organic,2024-08-10,8117,1506,797,258,107.78007865601441,6068.73694867584
YouTube,Organic,2024-06-03,314,1193,558,1724,4512.22420310568,7480.867906418686
Facebook,Campaigns,2024-09-19,970,4083,472,1721,0.0,19576.54815020286
Twitter,Ads,2024-06-17,221,2503,482,814,0.0,4122.739431583957
Facebook,Influencers,2024-07-03,7904,4028,540,490,2920.3329989156446,7141.130378403466
Twitter,Influencers,2024-08-31,5437,1748,185,1509,933.3059725044085,4884.026469920631
YouTube,Ads,2024-11-25,1389,3388,612,483,57.341519961449,6934.8836904306545
Twitter,Influencers,2024-05-07,854,3667,474,180,0.0,2432.1265094094924
Twitter,Ads,2024-03-24,5350,2509,243,1092,0.0,7304.925253517317
Instagram,Influencers,2024-07-25,3523,1568,351,714,0.0,9398.09082193522
TikTok,Ads,2024-06-27,6246,24,618,740,0.0,9177.189683490818
LinkedIn,Organic,2024-09-10,3420,920,397,898,370.3460402598995,2281.3988074954477
TikTok,Campaigns,2024-04-30,754,2940,789,1900,1830.2984035277477,8509.96401253397
TikTok,Organic,2024-10-16,777,3055,551,1274,0.0,10847.882804707542
YouTube,Organic,2024-01-08,5006,4052,41,1382,3328.723932933458,5937.482110927396
TikTok,Influencers,2024-04-22,3917,3151,503,1178,0.0,6178.152364403802
YouTube,Ads,2024-07-01,2024,1953,847,1872,0.0,9170.455981804895
TikTok,Campaigns,2024-09-26,2927,4517,484,1912,4693.554027098245,1051.1121802705238
Facebook,Organic,2024-01-12,5595,4921,768,503,3170.3049539929634,4071.1015915540374
YouTube,Ads,2024-01-25,437,4373,24,23,0.0,11484.23681409427
TikTok,Influencers,2024-07-21,3955,1714,778,1650,4209.984595285678,10751.575236590414
Twitter,Influencers,2024-09-14,2131,3238,875,1824,0.0,12123.235634862744
LinkedIn,Influencers,2024-03-26,4039,787,183,710,2417.3237587835965,12097.396743464604
TikTok,Organic,2024-07-07,4898,1243,120,1385,4554.3534164298635,2111.041530496607
Twitter,Campaigns,2024-12-01,4237,1861,971,1967,3826.7537386982112,217.88809320284224
Instagram,Organic,2024-06-13,4096,2275,858,511,1120.4122347519146,17474.714571171717
YouTube,Influencers,2024-11-19,4079,472,118,590,3356.9288463793982,1731.5649131389946
Facebook,Campaigns,2024-01-08,6460,2343,654,1757,618.1485937231613,6997.747913582905
YouTube,Organic,2024-01-23,7072,4271,19,1485,0.0,3517.0206081884685
LinkedIn,Organic,2024-05-20,5225,1124,77,1668,0.0,15287.55492630905
Twitter,Organic,2024-04-27,1896,383,817,253,0.0,13486.342712500706
LinkedIn,Campaigns,2024-06-18,453,3025,964,502,4424.39230868841,1085.5520609993507
Instagram,Influencers,2024-04-03,6037,4848,716,426,186.21820296234543,3121.6513385105504
Facebook,Organic,2024-05-18,3195,1899,303,1901,0.0,7283.802137138209
TikTok,Influencers,2024-08-23,1690,3992,755,2000,0.0,1810.6215911865052
LinkedIn,Ads,2024-08-22,9193,2825,477,1000,3600.8762184838815,1237.4198215996905
Instagram,Organic,2024-11-19,7892,2771,986,1049,0.0,1931.7234909050255
YouTube,Influencers,2024-02-07,2859,2769,990,200,4651.780013349994,14483.357024452853
TikTok,Ads,2024-10-31,2069,832,916,1458,0.0,11309.71795196484
Instagram,Organic,2024-09-06,275,113,327,500,4837.823222149956,16929.239070587475
Facebook,Campaigns,2024-07-15,2665,2010,234,1800,4419.921475227881,976.2324706294884
LinkedIn,Organic,2024-11-18,4485,3192,852,1159,0.0,14901.360545538311
Facebook,Influencers,2024-11-06,2685,3041,352,1762,0.0,19769.00029894895
TikTok,Ads,2024-03-22,9257,724,329,192,4154.786001119506,1657.2339232249062
YouTube,Ads,2024-05-25,7530,186,714,1019,0.0,7231.428831734781
YouTube,Ads,2024-01-05,4949,2289,466,419,0.0,6539.539815812874
Twitter,Ads,2024-10-19,6119,4206,959,1823,0.0,11374.987086993715
Twitter,Influencers,2024-08-23,9333,3480,745,1045,0.0,10055.056927541173
Twitter,Organic,2024-08-31,9877,851,515,418,0.0,6401.70422533995
TikTok,Influencers,2024-04-08,5339,885,303,1098,2203.6509544918085,7398.763327313197
TikTok,Campaigns,2024-06-05,4433,2170,90,349,0.0,6742.858834300244
YouTube,Influencers,2024-04-08,9242,2318,601,1887,0.0,11736.296067343683
TikTok,Influencers,2024-10-14,1820,3493,355,1869,0.0,4681.186223607304
Twitter,Campaigns,2024-01-06,8980,1371,807,496,1293.760860854264,7934.976798754588
Instagram,Ads,2024-01-25,3647,4518,939,690,4565.654540845164,4670.9538273999115
Twitter,Ads,2024-07-24,7891,3922,264,1036,311.4848837514566,12495.071637142404
Facebook,Campaigns,2024-03-05,1333,1860,627,80,2560.874304074011,16895.01282735834
LinkedIn,Ads,2024-10-26,3977,743,18,1693,0.0,14286.45345476881
YouTube,Influencers,2024-04-22,634,30,345,1390,4963.715574783092,14723.8859675452
Twitter,Influencers,2024-11-21,1823,1117,445,395,3011.7543930009733,8433.165699121171
LinkedIn,Influencers,2024-04-16,6421,2431,720,410,0.0,10804.417312385018
LinkedIn,Ads,2024-03-15,9541,4412,203,1923,0.0,4802.986988486763
Instagram,Organic,2024-05-24,847,1488,319,1142,347.3779649693783,12762.113126907068
YouTube,Organic,2024-10-17,8525,3955,148,1682,4119.555010368039,10180.998765736866
Instagram,Ads,2024-11-27,564,4123,49,1363,0.0,16987.273832082894
YouTube,Influencers,2024-08-24,8529,996,714,861,2633.108520657478,4070.7167934350427
TikTok,Campaigns,2024-08-04,8034,4182,455,583,0.0,10024.585474081758
Facebook,Influencers,2024-05-23,3575,4721,541,139,0.0,5895.315580723068
LinkedIn,Organic,2024-09-04,8116,79,228,436,4723.384044280091,7742.508352772461
Twitter,Ads,2024-05-02,4864,3530,239,1555,3067.961064667034,15537.139928530281
Instagram,Organic,2024-10-25,5139,3927,597,700,1456.2710309630556,12170.66821386767
TikTok,Campaigns,2024-07-19,1787,4016,977,1980,3248.691736176456,3181.9401212549533
Facebook,Campaigns,2024-07-09,2506,4673,799,310,0.0,3569.22473121381
YouTube,Organic,2024-05-15,7101,3061,976,195,3092.4327346147656,12372.986687587552
LinkedIn,Campaigns,2024-01-04,3972,2425,872,547,0.0,7445.303441959191
YouTube,Campaigns,2024-07-18,1439,3274,970,413,4550.799631344797,15322.90344906571
Twitter,Influencers,2024-09-13,2391,3859,205,310,0.0,5491.559162292859
Instagram,Ads,2024-11-03,1587,1240,618,728,0.0,437.45021177498535
TikTok,Influencers,2024-04-18,9108,4772,354,974,0.0,3176.7076235223635
YouTube,Influencers,2024-10-17,2972,1863,634,583,0.0,14295.097121582134
YouTube,Ads,2024-02-24,7743,1619,432,1800,362.73697883175726,2831.8513757335204
Facebook,Organic,2024-10-16,6030,1082,948,360,0.0,18798.741752945618
TikTok,Ads,2024-10-15,8721,4171,203,772,0.0,3094.6716261434217
Twitter,Organic,2024-03-30,8974,3250,528,1761,4126.796610652014,16330.75473509164
Twitter,Ads,2024-05-03,5104,236,466,1155,0.0,2850.1276047457013
Twitter,Organic,2024-11-12,8416,4601,68,853,4081.242889115576,19102.725591616927
TikTok,Influencers,2024-09-13,1722,3996,80,1762,0.0,8130.376131332976
Instagram,Campaigns,2024-10-18,2084,4167,967,1909,2065.6057108132068,13018.019666727503
TikTok,Campaigns,2024-10-23,6636,1974,9,1126,0.0,4824.182468093751
YouTube,Influencers,2024-05-06,6079,4647,477,664,3584.054120462726,6566.496413496735
Twitter,Organic,2024-05-11,1468,1279,59,1964,0.0,14294.911470118914
Twitter,Organic,2024-10-21,1179,1224,982,416,0.0,18547.374820639296
Facebook,Campaigns,2024-06-04,5932,1623,191,871,1901.80912100692,3922.602549933565
YouTube,Influencers,2024-06-30,3486,1299,600,712,1704.3359335496384,13787.237430627767
Twitter,Ads,2024-06-29,4693,15,358,17,4089.364136363156,19171.88663972387
Facebook,Ads,2024-10-31,6222,4301,532,1684,0.0,12014.270886355334
TikTok,Organic,2024-03-16,7632,786,286,1098,3121.3991021017505,9297.112409494737
TikTok,Campaigns,2024-06-05,6870,4268,90,617,2655.5369375914934,16275.008911212786
Twitter,Organic,2024-11-25,6768,2294,129,1135,0.0,4236.612633798106
Twitter,Organic,2024-01-28,765,2685,32,1749,726.0107541812024,18489.264559107476
Facebook,Campaigns,2024-01-06,3257,742,186,891,4697.102177279135,16022.534132352059
YouTube,Campaigns,2024-11-27,1450,4398,879,1980,4942.543641114434,9878.569062602632
TikTok,Ads,2024-03-21,7011,1692,299,950,2528.0013174246296,10972.843189970881
Facebook,Campaigns,2024-04-18,6310,3619,621,1076,0.0,1488.9842702955327
Instagram,Organic,2024-08-15,7103,89,81,403,2231.4988167542806,10324.263795931063
Facebook,Ads,2024-02-06,962,2168,688,1930,0.0,9315.120138505496
Twitter,Organic,2024-04-09,750,2592,593,985,0.0,9911.132224025036
LinkedIn,Ads,2024-05-10,1258,4010,949,622,787.701149497801,1019.7685328895283
Instagram,Influencers,2024-07-11,5655,4537,660,300,0.0,4493.876512439505
Twitter,Ads,2024-05-08,4197,3660,734,1806,1689.0890563959442,346.54373114545876
LinkedIn,Campaigns,2024-02-25,5690,3893,152,1249,2511.8348661053055,6231.0490485084365
LinkedIn,Influencers,2024-11-07,6523,4418,309,368,0.0,16279.032188483627
Instagram,Campaigns,2024-08-31,2487,2141,236,1718,0.0,8273.887944125014
Facebook,Ads,2024-10-02,4021,3521,323,877,3283.3306536883542,11693.125348210706
Facebook,Influencers,2024-08-04,1939,4792,99,1797,2639.663653886063,3182.996781867445
Instagram,Influencers,2024-05-31,187,633,315,615,3448.8299973520902,15285.329842484593
Twitter,Ads,2024-03-22,6342,11,894,198,0.0,8037.464411659205
TikTok,Organic,2024-12-03,6825,2551,414,1756,0.0,14938.437050078668
YouTube,Ads,2024-10-08,3995,281,421,1641,4455.136714185216,11735.47454179049
YouTube,Influencers,2024-08-05,431,1652,83,233,1998.151582998396,16777.904605568576
TikTok,Ads,2024-11-16,1859,2775,482,1473,271.6896919676746,11949.117180532587
LinkedIn,Campaigns,2024-01-02,844,803,494,875,3917.0615535603433,10665.07871499183
TikTok,Ads,2024-06-17,6797,4017,182,896,0.0,3260.6692542901546
Twitter,Influencers,2024-06-23,3453,2100,707,815,0.0,6366.704303741678
Instagram,Influencers,2024-08-08,7999,4774,382,973,0.0,1294.0346070793814
TikTok,Influencers,2024-06-10,6647,1277,377,4,2199.522766069043,11363.35502177059
Twitter,Influencers,2024-05-05,1167,2003,728,1932,0.0,10623.932636211499
Facebook,Organic,2024-04-14,7255,15,740,484,0.0,13104.244603886309
TikTok,Campaigns,2024-03-07,8678,1957,77,1898,2024.6879965596909,17480.308360509745
YouTube,Ads,2024-04-27,5778,1136,238,45,1342.5358712047525,16725.970489136354
Twitter,Campaigns,2024-06-04,3009,3533,81,1881,2273.287985468899,16136.092312930083
TikTok,Organic,2024-05-07,3159,3219,652,1674,0.0,1364.2263394344723
Twitter,Organic,2024-07-17,4132,3407,870,1550,3065.940587309923,13343.684494931931
YouTube,Organic,2024-03-09,3190,3872,199,474,0.0,86.76834100849032
Facebook,Organic,2024-07-30,6870,1243,861,987,0.0,19520.91229217693
Instagram,Ads,2024-11-18,3919,958,799,842,2489.372992594708,3653.6777608607563
Facebook,Influencers,2024-08-07,5499,3356,170,182,4816.907365942705,15647.945182317997
TikTok,Influencers,2024-03-25,8011,329,249,1028,0.0,10011.87853363631
YouTube,Organic,2024-05-17,8154,3351,803,1177,0.0,2840.755854864021
LinkedIn,Influencers,2024-11-23,8295,3996,889,1645,0.0,8660.101002713314
Instagram,Campaigns,2024-11-02,8327,725,963,534,0.0,19487.736509108003
Instagram,Organic,2024-03-29,4374,1837,326,183,493.46662935213044,19269.75491564929
YouTube,Campaigns,2024-02-26,9832,2683,525,1573,2699.9361853068117,8256.247188261028
YouTube,Ads,2024-09-30,2120,2710,672,1228,909.6646764443419,3990.8338371446325
TikTok,Campaigns,2024-04-25,1647,4182,594,1005,3147.672537723319,3906.8422660630113
Instagram,Organic,2024-04-17,9119,4854,135,433,1315.9024333637055,2019.734171933727
Twitter,Organic,2024-11-01,3878,2863,255,1697,4670.824890228554,2359.734214054792
Instagram,Organic,2024-01-04,8604,4952,163,1161,0.0,5121.365391329738
LinkedIn,Influencers,2024-06-29,2033,2461,386,1826,4737.198244732139,1009.0684118068689
Twitter,Organic,2024-10-03,8924,2762,69,1380,1649.2000317223149,14986.07168561805
LinkedIn,Organic,2024-03-14,8896,4558,521,485,1028.5803007441787,11051.217866384044
TikTok,Campaigns,2024-03-06,553,1026,655,1905,2341.5433820224257,4435.653270413359
Facebook,Organic,2024-06-05,2369,1815,395,1329,0.0,11911.409806757472
LinkedIn,Organic,2024-10-05,8018,912,634,672,0.0,15884.331191565261
Facebook,Influencers,2024-05-19,4705,655,404,673,934.8709180412109,15846.880533836147
Instagram,Campaigns,2024-10-25,5282,2232,782,456,0.0,5466.701855506105
YouTube,Influencers,2024-04-28,9321,458,188,947,1919.2502492390445,7867.068345664708
LinkedIn,Organic,2024-08-17,368,2705,126,1681,0.0,4703.81183333569
YouTube,Campaigns,2024-05-11,1490,369,142,308,1611.8174837080965,17568.01739051987
LinkedIn,Campaigns,2024-09-14,8545,3785,465,720,3891.229556774326,55.84549276593215
YouTube,Influencers,2024-10-23,8355,473,905,748,643.2382965691575,4611.654432561892
YouTube,Influencers,2024-04-08,727,3592,799,1295,2941.7724373755223,10243.647707039227
Twitter,Influencers,2024-06-07,2788,330,435,833,3476.4274208154975,5355.666727832096
LinkedIn,Campaigns,2024-10-18,3864,628,163,1917,1595.1092839406485,4163.019515290737
YouTube,Campaigns,2024-05-14,5859,1835,232,194,0.0,10406.147614827978
YouTube,Influencers,2024-09-04,6932,4888,777,1470,0.0,10031.484469955723
Facebook,Organic,2024-07-31,8210,2755,659,1653,0.0,16106.785081170046
YouTube,Organic,2024-04-19,9357,2344,924,571,0.0,2048.5077838062753
Facebook,Organic,2024-04-25,2301,2189,677,1207,1984.4037059260968,768.3893392946487
TikTok,Ads,2024-04-18,174,4432,450,1625,651.6164646554248,13685.150425247652
TikTok,Campaigns,2024-01-11,3483,2171,747,459,0.0,19433.082096934468
TikTok,Ads,2024-03-29,4633,3084,271,575,0.0,6009.24643454776
LinkedIn,Campaigns,2024-05-09,8448,2055,641,651,0.0,3482.6747388310932
YouTube,Organic,2024-09-08,7708,3340,111,48,0.0,2134.106145609621
YouTube,Influencers,2024-04-18,9628,3452,249,1973,41.40836811947065,15925.784239779481
YouTube,Organic,2024-02-25,777,828,498,1292,1024.2635104472256,9588.005844582201
Twitter,Campaigns,2024-02-10,181,2051,339,830,0.0,1149.3183647851702
Twitter,Influencers,2024-02-10,9030,2626,729,1494,0.0,3358.4489976451177
LinkedIn,Organic,2024-01-30,2690,2107,959,72,3380.1278339683035,9006.888311729941
Facebook,Campaigns,2024-02-04,6622,3610,814,253,2935.8408014398083,11719.602471746875
Twitter,Ads,2024-06-20,6561,535,491,810,2564.307007897043,2337.222641901358
Twitter,Ads,2024-05-25,2846,4377,802,100,4205.526221358692,9616.28604820729
Twitter,Campaigns,2024-03-14,7058,1810,13,1299,0.0,12153.109068552008
Facebook,Ads,2024-06-08,6585,3097,894,974,0.0,2426.425491294983
Twitter,Campaigns,2024-08-25,9797,131,914,1669,0.0,5881.894572539244
LinkedIn,Ads,2024-08-24,9478,3046,550,1889,0.0,8778.93444826732
TikTok,Campaigns,2024-09-04,7740,1847,676,1742,3887.2145874316534,1617.9975132601076
Instagram,Organic,2024-08-06,7131,3356,16,579,2342.528263081939,5386.981611903615
TikTok,Ads,2024-07-02,4331,1237,249,940,0.0,19979.537436903225
TikTok,Influencers,2024-08-01,5212,2038,262,531,0.0,1471.2152594197398
LinkedIn,Organic,2024-02-07,9065,277,655,181,1231.2998117009097,12055.122576743168
Facebook,Influencers,2024-10-06,4743,2549,517,1494,3013.1484963527637,8579.217292583779
YouTube,Campaigns,2024-09-29,6044,3362,597,155,1901.9349328867652,13183.864386008829
LinkedIn,Ads,2024-06-03,557,3337,153,939,3770.8906310486627,1679.1290993012822
Twitter,Influencers,2024-04-23,1878,2657,550,1401,4338.960998875543,14677.376355354147
Facebook,Organic,2024-07-12,7394,1124,423,1613,3063.188913546261,1334.3774525131387
Instagram,Influencers,2024-11-27,3480,3029,751,393,2080.662290511345,4447.252863444952
Twitter,Organic,2024-07-20,1200,3173,661,1966,2616.969613112983,6896.066399367325
Instagram,Ads,2024-06-22,8276,921,766,1633,3871.8547529725406,17751.23088380683
YouTube,Ads,2024-05-20,6392,4074,43,845,1314.906393598516,16990.62387459599
Twitter,Campaigns,2024-11-06,5330,4039,253,450,0.0,1955.1802007793451
Twitter,Ads,2024-11-30,9134,3636,324,632,0.0,10135.138015883744
Instagram,Influencers,2024-10-01,8035,4382,817,1242,3826.388943824996,10255.416395070137
Twitter,Organic,2024-01-06,366,2870,64,1621,0.0,17951.919910019278
Twitter,Organic,2024-11-27,4248,4044,376,102,0.0,4088.258048975796
Facebook,Organic,2024-10-07,7785,3449,17,1313,921.959311603241,3850.197649723011
Twitter,Organic,2024-07-21,978,2981,763,1283,40.550884466795424,18410.859792713036
YouTube,Influencers,2024-09-17,6484,4896,921,316,0.0,4891.088243586941
Facebook,Organic,2024-08-01,1860,4012,635,1506,0.0,6669.366138503058
TikTok,Organic,2024-05-26,3827,4114,998,1769,4607.903888127529,2024.3739897399748
TikTok,Campaigns,2024-04-12,8515,2450,383,1345,0.0,2567.219260169703
Twitter,Ads,2024-06-06,7897,1539,402,1585,4886.044788062257,5515.386969954242
Facebook,Ads,2024-10-22,7727,4683,314,850,1965.5803733486216,7475.233330325987
YouTube,Organic,2024-08-01,7418,791,23,523,3742.256019676895,14802.036949087249
YouTube,Organic,2024-03-22,8324,537,165,1527,0.0,12613.22835774825
Facebook,Campaigns,2024-02-08,8159,4694,755,1405,3252.840428004127,9574.590774209348
Facebook,Campaigns,2024-10-06,5058,526,994,1700,4785.289098436712,16196.106688300231
LinkedIn,Organic,2024-10-23,3906,1221,942,384,4075.104846406784,12252.493031207512
YouTube,Influencers,2024-04-28,4916,3555,163,1392,2206.3587698617002,19484.779076259903
Facebook,Organic,2024-06-26,7524,2841,359,1893,3584.802151474678,3939.9526047292024
LinkedIn,Campaigns,2024-06-15,8401,1650,133,680,596.7746999074769,17565.56338365989
Twitter,Ads,2024-09-06,1320,1811,806,407,3369.2110472462105,2651.6921393876673
LinkedIn,Organic,2024-03-31,2472,1467,208,319,0.0,15112.130100323715
YouTube,Campaigns,2024-11-08,4357,2198,113,544,2175.6927749885804,13745.260950775477
Instagram,Organic,2024-09-08,282,1302,239,2,0.0,10510.939308616022
Facebook,Organic,2024-09-08,7238,3286,400,1271,0.0,11612.223242549035
Facebook,Campaigns,2024-03-07,1096,624,364,1079,0.0,9627.572560964974
LinkedIn,Campaigns,2024-05-09,9568,2788,15,863,0.0,254.8969059638477
Facebook,Ads,2024-07-28,1238,4240,959,26,2171.2654455510537,15431.601706837058
Instagram,Campaigns,2024-11-13,8956,807,9,1899,0.0,11869.887659464448
Facebook,Influencers,2024-11-11,6526,496,573,98,0.0,8435.076028527485
LinkedIn,Ads,2024-08-28,495,4677,745,1136,2068.4235312279898,6037.160209853771
Facebook,Influencers,2024-04-10,5164,2766,290,562,0.0,4005.664275793554
LinkedIn,Organic,2024-03-26,1712,4241,685,1951,3862.1423200700087,1335.5708510878308
LinkedIn,Influencers,2024-02-27,8386,2497,216,1286,0.0,513.1302193429524
LinkedIn,Ads,2024-06-17,6744,1446,307,1776,1075.4391040852515,5004.114197684156
YouTube,Ads,2024-01-03,1746,1061,112,1285,0.0,2871.0262912244075
LinkedIn,Ads,2024-06-06,7574,1895,927,1260,0.0,11753.424026429402
YouTube,Ads,2024-09-21,9488,3556,586,80,0.0,12738.496838044
LinkedIn,Campaigns,2024-08-12,2499,80,948,616,4338.544643772748,16970.92052656871
YouTube,Ads,2024-01-09,1727,980,445,1658,307.03792093157864,5023.5197603514835
Facebook,Organic,2024-08-31,4667,4489,581,1373,0.0,11429.954466125086
LinkedIn,Influencers,2024-10-09,7498,2626,466,587,0.0,16351.876171251333
YouTube,Organic,2024-04-20,7176,4089,693,127,3039.3247191652213,8228.20799580527
Instagram,Organic,2024-01-14,1068,3798,610,439,0.0,1856.230540623715
Facebook,Influencers,2024-02-14,914,3901,653,1885,112.16375580688567,9872.517994169175
YouTube,Influencers,2024-02-09,7861,2587,765,284,4266.400328144549,8033.301035333802
LinkedIn,Ads,2024-10-13,8457,2252,905,252,0.0,10832.03635334839
TikTok,Influencers,2024-11-30,7204,3717,495,1979,1044.3066944339948,2755.9254926053613
TikTok,Campaigns,2024-09-23,2494,1463,406,1249,1130.0326650757909,13845.161287085504
Instagram,Organic,2024-08-19,5242,2162,229,106,138.74007102766438,6519.815354249106
Instagram,Influencers,2024-06-08,6485,3040,278,671,0.0,15236.91651270228
Facebook,Influencers,2024-09-21,9602,1775,205,1623,0.0,1799.726596231506
TikTok,Campaigns,2024-06-16,1511,4734,777,1811,1845.0846104530337,5997.420509973066
LinkedIn,Influencers,2024-03-20,832,2175,807,816,0.0,19789.960039397927
Twitter,Organic,2024-11-13,5553,2487,489,210,152.60515579866538,2823.5306307313667
TikTok,Organic,2024-09-07,2228,4810,491,1691,2124.609319363853,17806.371868749407
Facebook,Influencers,2024-09-21,7748,3288,970,1388,0.0,7136.098912068859
Instagram,Campaigns,2024-02-23,8359,2370,421,1827,0.0,13497.855206254764
Instagram,Ads,2024-07-18,5434,2409,872,1183,1130.209234336057,5282.242170110551
YouTube,Campaigns,2024-04-07,9310,4694,76,716,589.8150663119119,11752.485202787446
LinkedIn,Organic,2024-03-22,110,87,307,1447,0.0,9796.227382628538
YouTube,Campaigns,2024-08-05,621,233,597,1039,0.0,13605.023491554794
YouTube,Organic,2024-01-03,1360,4091,532,592,3408.6980176851985,15675.949028551171
Instagram,Influencers,2024-11-11,8421,345,308,799,0.0,3335.5352499384494
Instagram,Organic,2024-11-25,9754,1629,576,1273,2726.704466202583,11009.994888442816
YouTube,Organic,2024-11-17,3067,3199,560,1532,0.0,15420.523811217998
YouTube,Ads,2024-09-09,4909,757,127,418,0.0,1585.435300351791
TikTok,Influencers,2024-11-11,6462,1302,838,106,0.0,8085.70137597615
Instagram,Campaigns,2024-05-11,2085,4835,866,366,4106.855179582896,9915.530414692965
Instagram,Influencers,2024-02-25,3879,1312,479,810,3474.269029454651,15721.49794062246
Facebook,Influencers,2024-05-28,8950,1907,448,176,3339.2465689470146,2092.310087203027
YouTube,Influencers,2024-08-19,3454,3550,824,665,0.0,884.1310845766744
YouTube,Influencers,2024-05-14,5776,526,497,1707,3253.3457315684827,3350.510973154401
Twitter,Ads,2024-08-03,7760,1881,659,313,0.0,887.5757537934875
Facebook,Ads,2024-10-16,5254,3472,206,951,908.4086321418308,6202.228888749505
Facebook,Ads,2024-04-26,949,4730,957,1331,4087.786798898363,5472.343290645363
Twitter,Ads,2024-01-11,1687,846,341,883,1989.3547921961062,16777.972787283954
Facebook,Organic,2024-03-10,1316,2721,650,1885,0.0,18071.49459297406
LinkedIn,Campaigns,2024-09-11,9307,2328,303,1220,0.0,3421.054972372172
Facebook,Ads,2024-10-11,6665,467,567,1701,1743.2108701213024,591.5589024486304
TikTok,Ads,2024-08-11,2230,1425,417,889,2529.825206589369,6888.426947238574
Instagram,Campaigns,2024-03-08,4689,2863,937,1613,0.0,3466.433409720663
Instagram,Ads,2024-06-25,8061,4978,311,1444,0.0,17437.684769658885
LinkedIn,Organic,2024-10-10,7389,4737,474,219,0.0,1315.015473873549
Twitter,Ads,2024-04-08,3362,2155,13,629,0.0,7615.3963599279605
Instagram,Ads,2024-03-03,673,3382,924,679,2754.0720554210898,333.8297990439512
LinkedIn,Organic,2024-03-09,4385,2991,745,1511,3877.611477421358,920.3214455963331
YouTube,Ads,2024-07-08,4835,127,285,1750,0.0,15182.167602136391
Twitter,Organic,2024-06-18,3144,2545,713,5,0.0,6673.7417925123955
Instagram,Influencers,2024-04-25,6356,4424,253,503,1816.0923737367125,19773.236584007376
TikTok,Influencers,2024-11-25,588,3795,576,25,0.0,13652.999159113888
YouTube,Ads,2024-12-01,1989,2342,792,720,0.0,8871.613716837433
LinkedIn,Campaigns,2024-07-17,1674,3488,568,1415,4978.477608723924,7658.108295262906
TikTok,Campaigns,2024-01-12,9518,4679,551,970,0.0,14880.229802242544
YouTube,Influencers,2024-09-10,9335,3431,134,1431,2840.4369555358144,16118.036234609071
TikTok,Influencers,2024-03-07,9017,1399,996,1930,0.0,15659.292214421115
Instagram,Influencers,2024-01-30,2319,1793,478,338,0.0,17838.57351112776
Facebook,Ads,2024-07-16,6579,2608,747,1749,0.0,11778.319682750685
YouTube,Ads,2024-10-18,2963,3370,972,1808,0.0,11482.335435589814
Facebook,Ads,2024-08-17,1731,367,928,644,0.0,7040.7053033703905
Twitter,Organic,2024-10-24,4941,2482,771,1393,4335.777210402932,4266.51446864182
Facebook,Organic,2024-08-19,7710,1725,657,791,0.0,9394.171575831431
Instagram,Organic,2024-10-12,6236,3457,256,1815,0.0,17135.200994973577
Instagram,Influencers,2024-10-31,7320,2427,243,601,0.0,11578.167934453742
Facebook,Organic,2024-05-22,6669,1715,187,1458,4922.933170549402,17882.35114871444
Twitter,Organic,2024-05-19,938,4186,558,1650,0.0,7871.696133757433
Twitter,Organic,2024-10-14,265,2032,608,681,775.9242772217763,9536.460245748842
Twitter,Ads,2024-09-07,3623,3452,349,609,3362.3632064128433,13624.534380110981
Twitter,Influencers,2024-09-10,1571,4456,426,324,0.0,132.93032103732662
YouTube,Ads,2024-02-14,1606,967,721,856,3065.3752979155224,677.2902203329338
TikTok,Organic,2024-07-08,8383,2669,928,340,0.0,19422.924193430714
TikTok,Organic,2024-03-29,9482,2158,295,1275,2925.6433282134753,18615.225263762582
Twitter,Organic,2024-03-12,8489,4543,561,264,387.69450644163453,10271.936481619521
Twitter,Campaigns,2024-02-10,3147,4077,747,1361,0.0,2084.0593949025124
Twitter,Campaigns,2024-03-01,8343,241,280,964,0.0,9298.798054623965
Twitter,Ads,2024-03-31,8859,2363,938,575,0.0,4141.695194540926
Instagram,Organic,2024-08-11,901,1025,743,1652,2322.525431480573,13109.942531284298
YouTube,Organic,2024-04-09,5545,2155,985,156,846.6727921444896,15458.273141024927
TikTok,Influencers,2024-06-09,1936,209,162,1899,0.0,6414.488495216181
YouTube,Campaigns,2024-03-07,2521,4637,42,717,0.0,13198.95843059527
YouTube,Campaigns,2024-07-31,2646,509,805,991,0.0,3435.9799053830247
Facebook,Campaigns,2024-07-05,205,715,69,1102,191.83939857424335,15126.166839555231
Instagram,Influencers,2024-05-05,8095,1641,79,1000,3452.9270407802633,12838.81238056554
TikTok,Ads,2024-01-08,6246,2529,325,1766,0.0,8870.617800568596
TikTok,Organic,2024-05-18,8578,3129,56,993,632.2501864831235,15338.951409443946
Facebook,Influencers,2024-10-16,1674,2721,716,1579,4758.90194389911,3942.532466220727
Instagram,Influencers,2024-04-08,5652,3022,57,1883,0.0,17833.403189458582
TikTok,Influencers,2024-01-17,5579,4208,306,1494,0.0,10368.169578532676
Instagram,Influencers,2024-09-27,6983,285,150,1956,2135.160578384264,17808.718333854904
TikTok,Ads,2024-01-20,5014,83,552,338,4278.382023626911,16199.428668771516
Instagram,Campaigns,2024-05-13,6157,4152,298,726,2238.037224884824,2849.0594880252534
LinkedIn,Ads,2024-02-19,3835,4772,113,1507,2219.846312422095,7803.707275023982
Instagram,Influencers,2024-01-04,8957,3174,786,632,4487.985784950659,14963.506137392045
LinkedIn,Organic,2024-10-14,6593,3701,822,1330,0.0,1367.2606689827983
YouTube,Influencers,2024-02-17,3999,3316,37,65,0.0,18805.23952055463
Twitter,Ads,2024-01-20,7153,4153,663,269,3881.2975021077946,17105.088042244177
Instagram,Campaigns,2024-06-19,8640,2815,541,1690,0.0,7072.944609237459
LinkedIn,Ads,2024-07-28,6181,2940,883,474,756.2225543715363,13035.682077471454
Twitter,Ads,2024-05-25,6608,4142,186,175,0.0,17773.787202629628
Twitter,Campaigns,2024-02-11,7107,341,902,1543,1617.8299366884967,6461.980544380097
YouTube,Influencers,2024-10-15,5533,854,856,1361,3324.949652361912,294.50778693180035
TikTok,Organic,2024-07-25,2050,790,69,113,4366.806606158402,17523.806454014066
Facebook,Campaigns,2024-06-11,4608,4256,673,35,4238.213809618681,6651.552559737349
TikTok,Ads,2024-03-18,9832,2888,367,858,2107.0198923937123,7974.4249618121
Facebook,Influencers,2024-03-14,2765,2015,44,179,0.0,14066.104329381924
Twitter,Organic,2024-08-18,6369,3214,763,1992,111.84312518710172,1948.6717099876444
Facebook,Influencers,2024-04-30,6540,4095,485,1511,722.8550748480421,1869.2365323849883
LinkedIn,Influencers,2024-04-05,6011,2213,495,117,1023.181501368285,7396.524655198328
Instagram,Organic,2024-03-11,5750,1554,304,934,677.2255787126346,15681.841973844377
Facebook,Organic,2024-12-02,2817,2994,801,66,0.0,17491.50855914124
YouTube,Ads,2024-10-06,5438,4024,782,663,0.0,241.48202492799464
TikTok,Campaigns,2024-07-31,2690,546,532,1786,235.0456575325653,12582.841967780714
YouTube,Ads,2024-07-24,3934,2398,694,1912,2872.0590353597263,10796.514044794212
TikTok,Organic,2024-03-06,5023,2792,725,1051,4242.8208044772755,6013.504982537506
Facebook,Organic,2024-07-22,8496,977,784,1786,3726.3772890319797,4110.934017282254
LinkedIn,Ads,2024-09-19,3542,2739,900,896,4340.50315130454,945.2346930806214
YouTube,Organic,2024-10-31,7067,4608,118,641,2102.7065902835975,3467.590901910891
Instagram,Organic,2024-05-16,8477,2334,81,118,136.42008769628052,18777.725817092836
Twitter,Campaigns,2024-10-10,6040,4242,857,967,0.0,11757.278267597938
Facebook,Organic,2024-12-01,3947,3344,909,757,0.0,647.6923755197577
TikTok,Influencers,2024-02-10,223,657,245,1230,0.0,4678.830991933609
TikTok,Influencers,2024-04-27,7428,4503,895,1826,0.0,10833.541410489088
Instagram,Campaigns,2024-09-02,4082,155,888,551,0.0,8830.679787794366
Instagram,Organic,2024-02-29,7527,4758,50,633,3018.5051344298254,4884.216282206909
Facebook,Organic,2024-09-12,1735,4526,134,431,0.0,12973.198856586316
Instagram,Organic,2024-01-27,6811,3902,189,1262,0.0,12563.77454849035
Instagram,Campaigns,2024-07-31,7795,3107,1,698,0.0,8814.157733084512
Facebook,Campaigns,2024-02-27,3745,1697,497,630,0.0,3895.362253847879
Twitter,Organic,2024-07-21,9956,4976,389,1932,4239.48132469114,14118.609211343828
YouTube,Organic,2024-03-01,9008,2738,978,984,2687.0465851552945,9054.094952362606
YouTube,Ads,2024-10-11,1228,1769,50,240,0.0,8233.388961039644
Facebook,Organic,2024-07-04,4729,1230,871,1092,0.0,7801.619652294848
YouTube,Campaigns,2024-06-11,5640,1004,971,163,392.301631222682,18150.261618906454
Instagram,Ads,2024-12-02,9164,3847,103,229,3706.1745528703736,11887.414767676697
TikTok,Influencers,2024-09-26,2090,3444,250,798,219.5006013180964,11600.62167355588
YouTube,Campaigns,2024-11-12,2073,148,749,1692,487.72237370101124,14306.088176531624
YouTube,Organic,2024-09-24,8601,260,736,1875,1474.5921598585478,15151.02186872008
LinkedIn,Organic,2024-07-21,7841,4003,256,1352,0.0,2294.0917056576536
Twitter,Campaigns,2024-10-02,288,1906,815,954,1333.9782713674556,13762.927991200884
Facebook,Influencers,2024-11-30,2767,4358,144,126,1306.6904646384162,4145.305690580355
Facebook,Campaigns,2024-04-22,8217,3263,399,628,208.5182621506179,10524.579486970517
TikTok,Organic,2024-05-01,6335,925,623,496,0.0,1034.2984828905523
Twitter,Campaigns,2024-02-28,7640,2128,202,1517,0.0,18894.66640579324
YouTube,Influencers,2024-05-07,1882,4740,92,562,4106.882418822879,7428.513873573253
LinkedIn,Campaigns,2024-09-30,1322,3754,652,1119,221.09764694062537,18339.000379697874
Twitter,Ads,2024-02-19,7172,2730,689,674,3732.3420089923525,13319.080936790253
YouTube,Campaigns,2024-05-17,5971,3008,889,1493,0.0,8465.64277196733
Instagram,Organic,2024-11-15,2633,1097,858,885,4202.654966739108,13538.858280616518
Facebook,Organic,2024-03-18,7088,4345,502,1463,0.0,1077.7678751847882
LinkedIn,Organic,2024-01-30,3609,1672,461,1003,4149.393601034244,9238.158852296632
Instagram,Organic,2024-07-03,470,3758,292,1602,0.0,16809.177346160322
Facebook,Campaigns,2024-01-11,2558,2855,341,1427,998.1532234208745,9354.220291026979
LinkedIn,Campaigns,2024-07-17,9184,2070,618,1540,1930.1005110415808,7742.92775203612
Instagram,Organic,2024-03-02,4973,3974,443,1366,0.0,8696.120492380573
TikTok,Ads,2024-01-10,7259,135,717,1676,0.0,19900.70215773348
YouTube,Ads,2024-03-31,7440,996,900,208,0.0,503.9256840108846
Facebook,Influencers,2024-01-14,8689,4818,989,880,4983.730333336055,2149.9222491447003
Facebook,Influencers,2024-04-07,5351,3570,819,1008,3143.829915041092,4425.146249964804
Facebook,Organic,2024-08-17,7583,2976,403,279,3349.0008477547285,917.4421795995919
Instagram,Campaigns,2024-10-16,2922,4117,275,33,3599.3554252755384,15043.873940209192
TikTok,Campaigns,2024-05-19,4675,3059,241,684,2158.9080340271776,12841.727422563934
TikTok,Influencers,2024-04-27,114,2867,909,1427,3312.4601817633197,18469.844453519785
Facebook,Campaigns,2024-01-30,6097,750,447,1733,0.0,7478.488381443244
Facebook,Ads,2024-08-11,9406,4282,362,590,0.0,7958.727365572347
LinkedIn,Ads,2024-03-18,2415,3624,117,1747,0.0,1018.2435806879121
YouTube,Ads,2024-02-07,4376,2820,105,624,0.0,19134.032930752008
Facebook,Organic,2024-01-09,5099,3836,515,1221,14.02872340550908,4982.254009052248
YouTube,Organic,2024-09-24,968,2022,298,554,0.0,13498.248773393354
Facebook,Influencers,2024-03-28,4085,2283,457,1277,0.0,1754.927647444928
Facebook,Ads,2024-07-13,5086,1931,549,1677,150.72327011407776,17050.361175227787
Instagram,Campaigns,2024-06-07,6311,4176,306,986,4225.710962163937,5543.626350004095
Instagram,Campaigns,2024-03-18,3278,333,71,49,0.0,9586.037589205427
YouTube,Ads,2024-11-03,8001,4186,473,1914,3219.218053830678,4938.176448977789
Facebook,Influencers,2024-01-08,9998,2642,536,1330,0.0,5437.229199881684
LinkedIn,Influencers,2024-06-12,2574,3571,921,1484,0.0,13519.709634572057
Facebook,Ads,2024-10-14,7873,4586,233,1898,868.2419108239429,5702.161638644621
Facebook,Ads,2024-11-12,3202,732,49,712,0.0,7620.448935285279
LinkedIn,Ads,2024-06-03,2136,4093,708,488,1468.0477605456972,2124.0919362062155
Twitter,Ads,2024-10-11,3384,2824,200,279,1155.5574139032012,7515.565927467013
Instagram,Organic,2024-10-22,4683,290,384,1356,3849.4041973948715,18332.661125540355
Twitter,Organic,2024-04-14,4536,1985,141,278,0.0,17386.115554906653
TikTok,Influencers,2024-01-12,1989,2481,885,360,4955.659631707944,17209.52713709593
Facebook,Ads,2024-06-25,2384,4116,345,996,0.0,10537.824132518395
YouTube,Influencers,2024-09-19,1212,746,994,1865,0.0,19721.358584165166
Facebook,Influencers,2024-09-29,2259,1446,851,1026,781.3954508437533,13569.351031613562
Instagram,Ads,2024-07-03,9016,4305,623,1154,0.0,3605.1482816553275
LinkedIn,Influencers,2024-04-06,933,711,859,748,0.0,5390.414384956085
LinkedIn,Campaigns,2024-07-16,6114,308,480,1178,4062.444812154773,13532.289164377898
Instagram,Influencers,2024-06-03,9711,2812,959,1040,1898.2306259291834,7677.687231667184
LinkedIn,Ads,2024-09-27,981,4772,739,40,0.0,9991.820803195555
LinkedIn,Ads,2024-02-14,4268,4126,400,1344,0.0,16062.302720037627
YouTube,Influencers,2024-11-22,2574,2781,264,1970,0.0,9926.41512819022
Facebook,Ads,2024-09-18,3168,2516,466,1484,4233.207967982301,11981.37829858436
TikTok,Influencers,2024-03-21,8972,1986,69,607,0.0,11582.210579319399
YouTube,Campaigns,2024-08-19,5211,4815,514,5,1831.327633232693,17769.01769371086
YouTube,Ads,2024-07-06,7158,3314,928,244,1263.1716070067755,9145.297941919029
TikTok,Organic,2024-05-01,4675,1616,226,884,1140.9949522918666,17339.07792096873
LinkedIn,Ads,2024-04-16,540,1923,556,1080,1674.2205747392336,2195.5049960476085
Instagram,Organic,2024-04-15,2573,3801,62,1978,0.0,10232.852730992368
Instagram,Organic,2024-05-17,5955,4062,730,463,4293.877144533082,10029.939145953156
Twitter,Organic,2024-02-04,2612,3514,397,549,217.9365829325621,14309.114805172141
Facebook,Ads,2024-10-24,1255,3252,994,924,2819.981256713731,14808.671480154786
LinkedIn,Influencers,2024-08-26,4769,1299,226,1315,0.0,10982.720415569105
YouTube,Ads,2024-04-03,9570,1664,652,332,0.0,16150.441951395916
Facebook,Campaigns,2024-10-27,4987,168,931,1919,0.0,4419.536342496495
YouTube,Campaigns,2024-11-15,5611,4377,816,172,20.5372914026553,11316.150435390855
Facebook,Influencers,2024-05-21,5527,3066,925,1763,0.0,870.513175500112
Facebook,Ads,2024-09-11,177,2815,428,1099,0.0,5286.08624466052
Instagram,Ads,2024-05-27,7737,1374,606,1601,4628.851883982148,7491.506054630946
Twitter,Organic,2024-03-13,908,3712,836,1700,3617.0118015421494,16469.334152299973
Facebook,Organic,2024-10-20,2169,2878,663,1717,4553.009421829951,7955.969728576737
LinkedIn,Influencers,2024-08-11,6031,3873,439,44,4521.000173703939,2614.980938412876
TikTok,Ads,2024-07-26,1082,2744,764,1386,0.0,3673.6667059148203
Instagram,Ads,2024-10-29,867,1605,608,1347,2902.2538709545747,4131.540151787991
TikTok,Influencers,2024-11-03,4243,2993,894,1920,0.0,3912.985025720301
Instagram,Organic,2024-03-30,7181,4368,683,205,4182.443304638498,15819.671791954403
TikTok,Ads,2024-02-12,6444,4858,778,1624,0.0,2520.4207852215436
Twitter,Ads,2024-09-01,2517,3704,60,270,0.0,6850.947266148141
LinkedIn,Campaigns,2024-02-24,4741,4530,96,1249,255.9150487316322,7155.0985189160665
Instagram,Organic,2024-03-08,4573,4589,229,1593,3310.0652771591663,922.2925555268172
Instagram,Campaigns,2024-02-16,4951,1847,79,1663,593.0402803517903,12573.753392475302
Twitter,Ads,2024-03-23,959,4807,765,1210,4635.946023293671,7046.163307482704
Facebook,Campaigns,2024-01-07,4761,3634,628,1895,0.0,4958.053916701751
Twitter,Organic,2024-09-09,6572,1375,125,991,0.0,9556.6229287689
Facebook,Influencers,2024-05-11,1570,3573,660,1169,0.0,12085.155053947443
Twitter,Organic,2024-09-02,5253,4378,384,388,0.0,12296.45489930362
Instagram,Organic,2024-01-01,537,4091,179,43,0.0,11939.196613753682
Instagram,Ads,2024-09-15,114,4748,462,1514,0.0,16859.979079316985
YouTube,Influencers,2024-05-28,6102,1655,469,1673,0.0,18178.369026747674
YouTube,Ads,2024-04-18,4766,3940,823,1567,1681.2455174650288,9517.866131370836
Instagram,Ads,2024-03-30,9055,2135,359,678,0.0,202.70667228022143
LinkedIn,Influencers,2024-07-23,8674,4643,705,447,0.0,19402.55429170547
Instagram,Organic,2024-10-21,3193,640,598,1485,0.0,12275.183846380918
YouTube,Campaigns,2024-04-18,4164,492,263,764,0.0,19949.52305598529
LinkedIn,Campaigns,2024-02-29,6970,2809,413,285,1272.5909009834002,3929.664723769005
Twitter,Campaigns,2024-09-10,7930,2442,43,1542,1526.2440997022154,3625.9663715194247
Twitter,Campaigns,2024-06-12,1453,2905,895,844,0.0,15231.466515107124
Twitter,Campaigns,2024-08-29,9831,4549,655,1234,0.0,1655.2704826025893
YouTube,Ads,2024-03-13,8078,4677,79,141,0.0,7047.729675476366
Instagram,Influencers,2024-03-25,7536,669,442,473,4730.552745706203,4102.388899929709
YouTube,Influencers,2024-02-11,5237,4433,183,1649,0.0,4451.072305517992
Twitter,Organic,2024-03-30,8619,2080,744,1155,0.0,16451.739992844272
Instagram,Campaigns,2024-07-19,7326,117,766,1791,3009.690801335409,19086.31095188149
LinkedIn,Ads,2024-11-23,3427,3331,849,591,0.0,3126.2916056545114
LinkedIn,Influencers,2024-05-29,7943,1434,754,1374,1385.7606387840617,8253.794602543901
Twitter,Organic,2024-02-02,7267,4891,462,1577,2314.5186074453463,13373.808357463698
YouTube,Influencers,2024-05-20,6005,1787,226,968,0.0,19380.464614340686
Instagram,Influencers,2024-11-28,7330,2275,105,687,0.0,17224.502922220603
TikTok,Organic,2024-05-22,173,1112,415,507,2825.381585050776,14214.412338530798
Facebook,Campaigns,2024-07-24,414,2208,513,1325,3787.1909325084384,13198.085857338387
Instagram,Campaigns,2024-04-03,2040,4463,12,1227,0.0,12281.221239296536
Facebook,Ads,2024-08-30,7630,500,850,45,0.0,7582.658377866596
Facebook,Organic,2024-07-18,2803,3428,784,25,0.0,8087.539649540064
TikTok,Organic,2024-06-21,3835,2364,719,1833,1258.4714545709428,9845.14368264289
LinkedIn,Influencers,2024-09-13,1127,4774,882,667,0.0,16992.534695407077
TikTok,Campaigns,2024-02-29,4780,2594,390,1226,0.0,5818.641249620805
LinkedIn,Campaigns,2024-05-15,5558,3703,493,480,0.0,17398.764966957202
Twitter,Influencers,2024-10-28,2403,110,42,328,0.0,1256.674463130331
TikTok,Ads,2024-05-29,8815,4257,139,782,147.4888357406439,14775.095811028006
TikTok,Ads,2024-04-21,1321,270,123,514,0.0,16644.821849171676
Facebook,Organic,2024-05-03,8305,474,729,233,0.0,10956.78049738074
Twitter,Organic,2024-01-22,4919,3869,602,293,0.0,1978.863588308433
YouTube,Ads,2024-03-14,342,1043,86,314,0.0,16889.65645926964
Twitter,Campaigns,2024-07-10,6815,4124,354,68,0.0,16752.742107742994
Twitter,Ads,2024-05-25,3148,4775,288,465,0.0,18155.70427122406
LinkedIn,Campaigns,2024-10-27,8364,1421,793,1508,0.0,15291.918762745328
Twitter,Influencers,2024-12-01,7603,4342,443,595,4253.44237133578,12975.974392380385
Instagram,Campaigns,2024-06-12,7484,2735,685,1164,0.0,2960.966734782715
Facebook,Campaigns,2024-02-18,2765,1889,798,1495,1036.8117433134803,7630.137829345915
TikTok,Campaigns,2024-06-18,7085,405,200,627,4623.066851396773,17754.136143941774
LinkedIn,Influencers,2024-02-24,8964,2161,32,481,1243.926638260274,10665.747797693924
YouTube,Influencers,2024-06-01,9532,4732,778,1797,2898.386439103345,14634.011897752378
LinkedIn,Ads,2024-01-04,1335,2937,270,1781,1623.612485292353,1772.7051049403228
YouTube,Influencers,2024-02-04,1413,3832,161,990,2087.2273709335896,7101.39622254957
Facebook,Ads,2024-08-13,433,797,561,522,0.0,3022.608196604104
Facebook,Ads,2024-08-05,6817,4137,442,1567,0.0,15090.465521034926
LinkedIn,Organic,2024-06-05,149,4269,746,1622,0.0,11860.648042732033
TikTok,Ads,2024-04-06,9846,276,368,1749,0.0,19495.173994557226
Facebook,Organic,2024-03-30,1345,1392,681,220,3603.0725048564273,3443.2204135269653
YouTube,Organic,2024-08-05,3266,3678,930,1417,0.0,17600.111163416714
Facebook,Influencers,2024-08-14,5818,945,463,409,0.0,16934.916959429134
Instagram,Organic,2024-03-14,853,1353,790,1275,2029.7231463061107,15368.039073283337
LinkedIn,Organic,2024-02-25,5441,2008,76,2000,0.0,18886.19436490787
LinkedIn,Organic,2024-01-09,3235,3411,485,309,0.0,7235.102243964189
Facebook,Campaigns,2024-03-31,7070,4834,98,239,4492.344543982654,6421.002838605542
TikTok,Organic,2024-11-30,8212,2824,416,1208,1353.6414814705795,609.2655136162658
Facebook,Influencers,2024-04-19,8379,4430,938,878,148.13777195830173,14782.994483426119
TikTok,Campaigns,2024-11-09,6869,2062,871,836,1643.2258411134917,3393.1428120385685
Twitter,Influencers,2024-07-14,7205,4953,404,596,0.0,12274.66281132749
Twitter,Influencers,2024-03-14,5224,3592,663,553,0.0,7668.072872914295
YouTube,Campaigns,2024-02-03,1666,50,330,493,1458.9603835131804,16814.817563643508
YouTube,Organic,2024-11-29,1649,675,696,1945,3778.592589724158,9588.044242991706
Twitter,Influencers,2024-06-03,5658,4040,605,848,3497.7318287875046,7303.4139954299835
Facebook,Ads,2024-11-13,3814,2548,989,1483,0.0,4307.620590542123
LinkedIn,Organic,2024-09-22,8814,2730,211,1933,0.0,6518.103280916443
YouTube,Influencers,2024-03-31,1626,3116,533,1067,1670.882901009923,7754.538376961007
LinkedIn,Campaigns,2024-11-22,9769,4594,497,152,0.0,5194.9617990514025
Instagram,Ads,2024-04-29,8424,4961,558,1080,0.0,12441.475641843223
Facebook,Organic,2024-08-21,6608,977,214,34,0.0,16915.129340297142
Instagram,Organic,2024-03-21,2053,2114,908,333,462.24137541985743,6588.679193490183
Facebook,Influencers,2024-04-02,2253,2576,411,2000,3335.504084832693,19200.20467441418
TikTok,Ads,2024-02-29,4468,264,915,1685,1520.0297047115557,6311.586248551441
Instagram,Organic,2024-03-09,8882,3831,510,734,1316.2680098814978,15275.300813549558
Facebook,Campaigns,2024-05-13,260,2180,752,769,0.0,8569.31691556261
Facebook,Campaigns,2024-08-22,2441,4857,538,811,0.0,1399.1399462604913
TikTok,Organic,2024-01-08,1360,1960,703,1536,4262.398473588951,14282.119601893182
TikTok,Campaigns,2024-01-16,7993,3401,39,1987,3294.4949700279003,4137.93374883133
LinkedIn,Campaigns,2024-10-30,5690,946,744,650,0.0,4342.129013163698
Twitter,Ads,2024-04-07,5703,4534,471,474,3020.8456050642258,8680.919033073165
Facebook,Ads,2024-06-19,4886,884,258,1129,339.4976566500016,9751.629367795864
Instagram,Influencers,2024-05-21,1985,4231,200,21,0.0,13855.997219990993
Twitter,Ads,2024-03-18,2996,964,723,1009,3483.594769688638,2789.2259380056266
LinkedIn,Influencers,2024-03-19,629,96,896,1200,1021.1062920066493,17575.148827201378
LinkedIn,Campaigns,2024-07-23,9796,1591,401,859,0.0,8245.42241875133
TikTok,Influencers,2024-01-02,8010,4100,194,662,0.0,14694.543014932131
Facebook,Ads,2024-04-07,2093,1932,973,214,3111.0212090122473,6961.6298030035405
Instagram,Influencers,2024-08-19,4106,3801,380,776,0.0,15381.590295754399
Facebook,Ads,2024-11-23,9509,3209,150,1844,2740.138188675661,8852.653163352108
Facebook,Organic,2024-10-20,5251,981,421,1969,4308.0812985315315,2792.0418097274282
TikTok,Ads,2024-04-06,1453,864,890,800,770.341756546244,17905.193863576395
TikTok,Campaigns,2024-01-28,1210,836,281,1484,0.0,15259.94687479722
LinkedIn,Organic,2024-01-21,5959,3373,200,922,0.0,12808.694355115163
YouTube,Ads,2024-05-28,4067,3797,385,373,0.0,6394.088015943409
LinkedIn,Ads,2024-02-22,1830,1082,1,375,0.0,18522.933575891377
YouTube,Ads,2024-06-23,9663,3306,446,946,2539.9426022263715,2746.940566524044
Facebook,Organic,2024-08-06,9673,1727,259,1800,0.0,14369.331661439877
LinkedIn,Campaigns,2024-01-31,4296,1933,914,984,2567.173598358049,6930.948278856164
TikTok,Ads,2024-05-20,6228,2764,421,1935,1660.2063869686817,2939.467957392137
Instagram,Influencers,2024-03-22,2274,2950,487,698,2461.0981180712774,7923.095552642048
Twitter,Ads,2024-06-20,1697,1695,864,624,0.0,9521.653385916556
TikTok,Influencers,2024-11-17,9758,4014,246,1088,0.0,6858.168851080781
TikTok,Organic,2024-02-19,5825,976,773,1049,2954.9961778544657,19891.91263623832
Twitter,Ads,2024-03-14,6054,766,730,865,0.0,527.6445871644394
LinkedIn,Ads,2024-04-30,7297,2272,124,545,2394.7900104480323,6745.794759518661
Facebook,Ads,2024-05-08,4623,4250,979,1747,0.0,19711.09046255523
Twitter,Campaigns,2024-06-22,7767,1902,58,1617,0.0,10175.576418062261
YouTube,Campaigns,2024-03-06,9398,3313,275,1122,0.0,932.7695270650885
Facebook,Influencers,2024-05-15,7867,2570,374,1133,302.4948874702299,4173.151356275284
LinkedIn,Campaigns,2024-04-11,638,2507,365,1992,4698.073939977365,9082.608209931714
Twitter,Organic,2024-09-20,3209,3898,107,1330,532.4149258370797,9202.862955082279
Facebook,Organic,2024-03-13,840,2517,839,451,0.0,12849.764691779874
YouTube,Campaigns,2024-02-08,3361,2726,171,1966,0.0,18137.82746363907
LinkedIn,Ads,2024-03-28,9263,499,689,1833,0.0,942.3448768474799
Instagram,Campaigns,2024-03-15,4219,3910,460,1053,176.1341744174896,5256.592830780869
Facebook,Organic,2024-02-25,9881,1267,539,1070,0.0,6123.274019557894
TikTok,Campaigns,2024-09-22,2870,4671,126,688,0.0,10056.827628607347
Facebook,Organic,2024-01-13,520,4426,476,1285,4269.047970023081,807.4034231422763
Instagram,Campaigns,2024-01-31,631,2388,406,1876,0.0,4960.936203564957
Twitter,Ads,2024-10-16,2669,2656,0,1490,0.0,6171.487381392371
YouTube,Ads,2024-08-13,5025,3033,912,1319,0.0,6965.770794559289
LinkedIn,Campaigns,2024-10-03,5148,4402,664,1217,3454.561818482127,11301.717369454496
TikTok,Organic,2024-05-26,7635,3119,646,1348,930.7421464039601,1046.3276428581714
Twitter,Influencers,2024-08-13,7566,4575,878,170,0.0,673.4246735955928
Instagram,Influencers,2024-07-29,2136,3804,69,1830,0.0,16725.08288717268
TikTok,Campaigns,2024-05-24,1148,2423,313,815,0.0,9164.370276769821
Twitter,Influencers,2024-07-02,260,1194,400,35,0.0,4208.172202548516
TikTok,Influencers,2024-03-22,2092,1378,973,486,0.0,3204.372141247447
Instagram,Ads,2024-07-21,7602,4779,540,1018,0.0,11976.344323317855
TikTok,Organic,2024-11-16,8939,2803,167,505,3105.861502210211,10565.746417444036
Instagram,Campaigns,2024-03-31,8806,4358,482,1996,2843.5165628983564,8530.778453020263
YouTube,Ads,2024-08-26,788,4300,696,45,0.0,13896.312723401634
TikTok,Organic,2024-11-23,4857,4717,896,130,0.0,6718.931220506016
Instagram,Organic,2024-03-11,1936,4588,70,1934,1531.206003315236,18344.80978903955
Facebook,Ads,2024-04-10,1219,3786,697,438,0.0,16760.90891355013
LinkedIn,Influencers,2024-08-23,8517,3892,911,223,3611.3953154717437,18935.860512179173
Twitter,Influencers,2024-05-03,6274,4019,320,230,4500.642769008895,18766.42635602026
TikTok,Organic,2024-09-30,5890,3162,384,785,0.0,7492.586222071313
Instagram,Influencers,2024-08-14,7999,4279,422,91,0.0,17120.00125800514
Twitter,Ads,2024-01-06,8993,4227,1,219,0.0,8715.359166440374
LinkedIn,Campaigns,2024-09-13,3304,3185,569,1917,0.0,5168.252198036048
LinkedIn,Ads,2024-06-09,8698,1988,243,436,0.0,10401.306323549661
Instagram,Organic,2024-10-29,4569,2125,217,1887,2203.737886639754,11927.633356248107
LinkedIn,Organic,2024-11-11,3427,2163,936,1425,0.0,2863.2609100553777
Facebook,Campaigns,2024-11-23,5088,181,595,760,32.039069560364815,2203.6420197262955
YouTube,Campaigns,2024-04-05,4134,447,992,1550,0.0,1868.7387184512731
Instagram,Ads,2024-07-02,6086,2131,847,1727,508.21348906872925,6164.697697909688
Twitter,Campaigns,2024-08-05,1986,3441,729,1755,0.0,960.8072980836823
Twitter,Influencers,2024-10-20,1927,4736,90,1736,4478.085476768846,12291.366715178161
LinkedIn,Influencers,2024-07-31,6402,4178,601,583,2191.3502146025357,7788.231803556105
Instagram,Campaigns,2024-09-11,4545,1781,504,1490,0.0,18131.149309265686
TikTok,Influencers,2024-11-23,7515,4793,891,834,0.0,10827.307717914722
TikTok,Organic,2024-09-12,7805,1981,742,1840,0.0,2481.724761482899
Twitter,Ads,2024-04-30,8002,660,603,973,250.48104694434002,1391.877837735806
TikTok,Influencers,2024-06-15,1571,571,556,1092,562.4616152047321,16856.16283250381
Instagram,Influencers,2024-10-02,6489,2718,829,105,0.0,17084.323413451326
Twitter,Ads,2024-01-21,1205,3635,515,949,0.0,10021.141980909366
YouTube,Organic,2024-11-18,609,1489,552,637,0.0,8050.1083608173985
Twitter,Organic,2024-04-28,6308,2897,62,571,1571.188043400205,17804.65353325297
YouTube,Campaigns,2024-01-01,3607,3336,45,1828,4745.687165942931,4516.4917301534015
Facebook,Organic,2024-11-08,2895,4675,470,1503,3338.327565361657,12506.824686649254
TikTok,Ads,2024-06-28,8501,2110,51,608,716.2947197734846,7486.8734357305075
Facebook,Influencers,2024-06-14,504,4320,232,1899,2780.7115136342304,4539.195988246881
YouTube,Influencers,2024-04-22,6687,3293,194,1557,85.7693653145431,19780.817555095316
YouTube,Ads,2024-12-03,352,3887,235,1100,0.0,5305.7236975537735
Facebook,Influencers,2024-07-23,3219,3726,291,774,1522.80602895984,16839.727235131988
Facebook,Ads,2024-04-22,1367,4302,810,141,0.0,18362.72815332058
LinkedIn,Ads,2024-03-11,4642,472,433,447,378.8597304099157,10671.023849149935
LinkedIn,Influencers,2024-04-27,993,832,84,1157,2678.1635220717635,966.7035628343277
Twitter,Organic,2024-04-15,1649,1935,674,512,2258.8935674077816,2487.943820199008
Instagram,Influencers,2024-02-06,1312,442,296,831,0.0,11179.98633320705
Twitter,Organic,2024-07-23,8717,4671,10,1689,3697.071841714949,8506.984631572815
YouTube,Campaigns,2024-05-27,2955,4146,298,1736,0.0,14483.143772243033
Facebook,Influencers,2024-02-27,2798,1506,434,403,4753.115632677029,17931.58234214283
YouTube,Influencers,2024-06-15,920,2710,895,930,0.0,19114.0169895684
LinkedIn,Influencers,2024-06-11,4221,3346,705,1615,0.0,7999.838972603268
Twitter,Ads,2024-09-04,7360,4600,309,1741,3451.479976371224,11407.690481391006
LinkedIn,Influencers,2024-10-20,4520,3927,87,1902,0.0,8820.236657830135
TikTok,Influencers,2024-11-30,9441,114,568,1270,1667.7062025892671,15066.009393434353
Twitter,Ads,2024-11-10,9624,316,205,537,3241.6511786283254,13694.966645632265
TikTok,Influencers,2024-02-21,9026,4942,839,183,52.92553658215257,16578.542164821934
Instagram,Ads,2024-06-29,1026,920,512,1851,0.0,17153.885653844078
YouTube,Ads,2024-10-06,5661,1312,676,499,1566.3760714872453,12467.697709652763
TikTok,Campaigns,2024-02-16,7188,3148,275,1592,0.0,15959.577896626772
Facebook,Campaigns,2024-12-01,633,3134,630,1720,4403.71580071405,12408.184915779218
Instagram,Ads,2024-04-14,5656,1156,44,718,0.0,3282.977144131928
Twitter,Ads,2024-02-24,629,4830,823,1782,0.0,9084.843733946649
